{"cameraMode":{"drawMode":0,"name":"Shaded","section":"Shading Mode"},"sceneLighting":true,"audioPlay":false,"sceneViewState":{"m_AlwaysRefresh":false,"showFog":true,"showSkybox":true,"showFlares":true,"showImageEffects":true,"showParticleSystems":true,"showVisualEffectGraphs":true,"m_FxEnabled":true},"in2DMode":false,"pivot":{"x":44.516963958740237,"y":0.6935647130012512,"z":47.802398681640628},"rotation":{"x":-0.010809437371790409,"y":0.005096240434795618,"z":-0.00005499560575117357,"w":-0.9999310970306397},"size":53.19591522216797,"orthographic":false}