{"cameraMode":{"drawMode":0,"name":"Shaded","section":"Shading Mode"},"sceneLighting":true,"audioPlay":false,"sceneViewState":{"m_AlwaysRefresh":false,"showFog":true,"showSkybox":true,"showFlares":true,"showImageEffects":true,"showParticleSystems":true,"showVisualEffectGraphs":true,"m_FxEnabled":true},"in2DMode":false,"pivot":{"x":28.025564193725587,"y":1.435822606086731,"z":30.14618682861328},"rotation":{"x":0.017682023346424104,"y":0.02908799983561039,"z":0.000515101186465472,"w":-0.9994240403175354},"size":19.664836883544923,"orthographic":false}