{"cameraMode":{"drawMode":0,"name":"Shaded","section":"Shading Mode"},"sceneLighting":true,"audioPlay":false,"sceneViewState":{"m_AlwaysRefresh":false,"showFog":true,"showSkybox":true,"showFlares":true,"showImageEffects":true,"showParticleSystems":true,"showVisualEffectGraphs":true,"m_FxEnabled":true},"in2DMode":false,"pivot":{"x":0.19961543381214143,"y":0.12837353348731996,"z":0.5766358375549316},"rotation":{"x":0.007189938332885504,"y":0.0020962455309927465,"z":0.000019536340914783068,"w":-0.9999770522117615},"size":3.730860471725464,"orthographic":false}